setup_name,bucket,stop_policy,window,signal_count,matured_20d_count,unmatured_20d_count,available_20d,status,win_20d,avg_return_20d_stopadj,median_20d,hold_return_20d,stop_delta_20d,stop_hit_rate,rdd_avg,rdd_p90,win_5d,avg_5d,win_10d,avg_10d,win_60d,avg_60d,avail_60d
A_MA20_PULLBACK,0,BASELINE,recent_2m,337,208,129,203,OK,41.87,4.36,-2.61,7.95,-3.59,62.02,-7.46,-14.29,45.67,0.84,45.19,1.73,5.43,-7.57,129
A_MA20_PULLBACK,0,BASELINE,recent_4m,663,534,129,529,OK,40.45,5.70,-2.51,9.31,-3.61,72.10,-6.63,-13.32,45.13,1.50,44.38,3.03,18.05,1.32,410
A_MA20_PULLBACK,0,BASELINE,recent_6m,1137,1008,129,1003,OK,39.38,5.54,-2.21,8.14,-2.60,78.27,-6.32,-12.48,44.64,1.06,44.74,2.82,24.21,7.39,884
A_MA20_PULLBACK,0,PCT_ONLY_10,recent_2m,337,208,129,203,OK,46.80,4.96,-2.01,7.95,-2.99,39.42,-8.85,-15.51,46.15,0.73,46.63,1.86,0.00,-12.47,82
A_MA20_PULLBACK,0,PCT_ONLY_10,recent_4m,663,534,129,529,OK,47.83,6.48,-1.20,9.31,-2.83,40.26,-8.51,-14.29,46.63,1.49,48.50,3.39,21.68,4.69,286
A_MA20_PULLBACK,0,PCT_ONLY_10,recent_6m,1137,1008,129,1003,OK,47.46,6.13,-0.58,8.14,-2.01,43.55,-8.64,-13.89,46.03,1.05,49.40,3.10,33.82,11.92,760
A_MA20_PULLBACK,0,PCT_ONLY_12,recent_2m,337,208,129,201,OK,50.25,5.94,0.14,7.95,-2.01,33.17,-9.38,-16.67,46.15,0.68,49.04,2.23,0.00,-14.09,69
A_MA20_PULLBACK,0,PCT_ONLY_12,recent_4m,663,534,129,527,OK,50.28,7.08,0.19,9.31,-2.23,33.15,-9.03,-15.61,47.00,1.53,50.37,3.71,24.90,5.95,261
A_MA20_PULLBACK,0,PCT_ONLY_12,recent_6m,1137,1008,129,1001,OK,49.95,6.74,0.00,8.14,-1.41,35.02,-9.27,-15.47,46.33,1.09,50.60,3.31,38.37,14.14,735
A_MA20_PULLBACK,0,PCT_ONLY_15,recent_2m,337,208,129,196,OK,52.55,6.65,0.85,7.95,-1.30,22.60,-9.82,-17.40,46.15,0.69,50.00,2.42,0.00,-16.48,47
A_MA20_PULLBACK,0,PCT_ONLY_15,recent_4m,663,534,129,522,OK,54.21,8.46,1.37,9.31,-0.85,21.54,-9.59,-17.34,47.00,1.53,52.43,4.26,34.42,10.56,215
A_MA20_PULLBACK,0,PCT_ONLY_15,recent_6m,1137,1008,129,996,OK,52.61,7.58,0.77,8.14,-0.56,24.90,-9.96,-17.54,46.33,1.11,52.28,3.72,44.56,16.63,689
A_MA20_PULLBACK,0,ATR_2,recent_2m,337,208,129,200,OK,47.50,5.85,-2.11,7.95,-2.10,42.31,-8.85,-16.93,46.15,0.75,49.04,2.33,0.00,-11.05,88
A_MA20_PULLBACK,0,ATR_2,recent_4m,663,534,129,526,OK,48.86,7.60,-0.55,9.31,-1.71,44.94,-8.30,-16.31,46.82,1.57,50.37,3.98,18.33,3.81,300
A_MA20_PULLBACK,0,ATR_2,recent_6m,1137,1008,129,1000,OK,47.20,6.65,-0.70,8.14,-1.49,52.18,-8.08,-15.08,46.23,1.12,50.10,3.39,29.20,10.85,774
A_MA20_PULLBACK,0,ATR_3,recent_2m,337,208,129,193,OK,53.89,7.10,1.25,7.95,-0.85,24.04,-9.93,-19.58,46.63,0.72,50.96,2.70,0.00,-14.20,50
A_MA20_PULLBACK,0,ATR_3,recent_4m,663,534,129,519,OK,55.49,8.93,1.64,9.31,-0.38,25.84,-9.47,-18.32,47.38,1.61,53.18,4.63,33.48,11.01,224
A_MA20_PULLBACK,0,ATR_3,recent_6m,1137,1008,129,993,OK,52.67,7.72,0.87,8.14,-0.42,34.72,-9.49,-17.92,46.53,1.15,52.68,3.88,41.83,16.96,698
A_MA20_PULLBACK,0,SWING_LOW,recent_2m,337,208,129,195,OK,52.82,6.88,0.88,7.95,-1.07,24.52,-10.08,-19.63,46.63,0.58,50.00,2.52,0.00,-13.90,51
A_MA20_PULLBACK,0,SWING_LOW,recent_4m,663,534,129,521,OK,54.32,8.66,1.52,9.31,-0.65,28.46,-9.26,-18.37,47.00,1.55,51.87,4.41,27.51,9.14,229
A_MA20_PULLBACK,0,SWING_LOW,recent_6m,1137,1008,129,995,OK,51.46,7.53,0.58,8.14,-0.61,37.30,-9.23,-17.45,46.33,1.13,51.69,3.80,38.83,15.26,703
A_MA20_PULLBACK,0,MA60_CONFIRM,recent_2m,337,208,129,195,OK,47.69,6.09,-1.89,7.95,-1.86,42.79,-9.03,-17.48,46.63,0.68,49.52,2.52,3.37,-9.00,89
A_MA20_PULLBACK,0,MA60_CONFIRM,recent_4m,663,534,129,521,OK,48.75,7.58,-0.50,9.31,-1.73,57.30,-7.86,-16.06,46.82,1.64,50.19,4.25,19.88,3.06,342
A_MA20_PULLBACK,0,MA60_CONFIRM,recent_6m,1137,1008,129,995,OK,46.13,6.63,-0.78,8.14,-1.51,67.86,-7.56,-15.32,46.03,1.14,49.31,3.54,28.06,9.67,816
A_MA20_PULLBACK,0,NO_STOP,recent_2m,337,208,129,191,OK,55.50,7.95,1.53,7.95,0.00,0.00,-10.93,-21.90,46.63,0.59,50.96,2.79,,,0
A_MA20_PULLBACK,0,NO_STOP,recent_4m,663,534,129,517,OK,56.87,9.31,1.89,9.31,0.00,0.00,-10.81,-21.58,47.38,1.58,53.37,4.65,66.93,34.08,127
A_MA20_PULLBACK,0,NO_STOP,recent_6m,1137,1008,129,991,OK,54.19,8.14,1.19,8.14,0.00,0.00,-11.36,-22.86,46.53,1.13,52.88,3.94,59.23,25.82,601
A_MA60_PULLBACK,0,BASELINE,recent_2m,65,46,19,46,OK,19.57,-0.60,-2.56,7.98,-8.58,91.30,-4.22,-9.47,32.61,-0.97,26.09,-0.77,9.52,-3.15,42
A_MA60_PULLBACK,0,BASELINE,recent_4m,156,137,19,137,OK,21.90,0.78,-2.19,5.74,-4.96,90.51,-3.98,-8.09,30.66,-0.35,24.82,0.24,10.48,-2.68,124
A_MA60_PULLBACK,0,BASELINE,recent_6m,299,280,19,280,OK,28.21,1.72,-1.49,5.63,-3.91,92.50,-3.32,-7.59,36.79,0.39,32.14,1.23,19.85,0.05,267
A_MA60_PULLBACK,0,PCT_ONLY_10,recent_2m,65,46,19,46,OK,41.30,6.77,-2.72,7.98,-1.21,26.09,-7.85,-12.82,39.13,-0.82,45.65,1.40,0.00,-11.24,12
A_MA60_PULLBACK,0,PCT_ONLY_10,recent_4m,156,137,19,137,OK,40.15,3.84,-2.08,5.74,-1.90,38.69,-8.35,-12.88,37.23,-0.29,45.26,1.73,12.50,-5.69,64
A_MA60_PULLBACK,0,PCT_ONLY_10,recent_6m,299,280,19,280,OK,46.43,4.53,-0.45,5.63,-1.10,35.71,-8.22,-13.28,41.43,0.49,50.00,2.41,36.71,5.09,207
A_MA60_PULLBACK,0,PCT_ONLY_12,recent_2m,65,46,19,46,OK,43.48,8.18,-2.23,7.98,0.21,19.57,-8.21,-13.71,39.13,-0.82,47.83,1.86,0.00,-13.39,9
A_MA60_PULLBACK,0,PCT_ONLY_12,recent_4m,156,137,19,137,OK,42.34,4.47,-1.71,5.74,-1.27,30.66,-8.91,-14.09,37.23,-0.31,47.45,2.05,16.07,-5.92,56
A_MA60_PULLBACK,0,PCT_ONLY_12,recent_6m,299,280,19,280,OK,47.86,5.00,-0.10,5.63,-0.63,28.57,-8.72,-14.72,41.43,0.49,51.07,2.58,39.70,5.82,199
A_MA60_PULLBACK,0,PCT_ONLY_15,recent_2m,65,46,19,46,OK,43.48,7.92,-2.23,7.98,-0.05,17.39,-8.67,-16.31,39.13,-0.79,47.83,1.83,0.00,-15.91,8
A_MA60_PULLBACK,0,PCT_ONLY_15,recent_4m,156,137,19,137,OK,43.80,5.49,-1.54,5.74,-0.25,20.44,-9.63,-17.11,37.23,-0.34,48.18,2.13,22.45,-5.46,49
A_MA60_PULLBACK,0,PCT_ONLY_15,recent_6m,299,280,19,280,OK,48.57,5.46,0.00,5.63,-0.17,20.71,-9.36,-17.23,41.43,0.47,51.43,2.60,42.71,6.18,192
A_MA60_PULLBACK,0,ATR_2,recent_2m,65,46,19,46,OK,36.96,5.42,-3.85,7.98,-2.56,50.00,-7.27,-12.82,39.13,-0.68,43.48,1.34,0.00,-7.63,23
A_MA60_PULLBACK,0,ATR_2,recent_4m,156,137,19,137,OK,37.96,4.76,-2.96,5.74,-0.98,53.28,-7.26,-12.45,36.50,-0.26,44.53,1.96,3.85,-6.29,78
A_MA60_PULLBACK,0,ATR_2,recent_6m,299,280,19,280,OK,43.21,4.77,-1.35,5.63,-0.86,56.79,-6.68,-11.92,41.07,0.52,48.21,2.43,23.08,2.61,221
A_MA60_PULLBACK,0,ATR_3,recent_2m,65,46,19,46,OK,43.48,7.86,-2.39,7.98,-0.12,26.09,-8.34,-13.92,39.13,-0.76,47.83,1.86,0.00,-10.98,12
A_MA60_PULLBACK,0,ATR_3,recent_4m,156,137,19,137,OK,42.34,5.55,-1.71,5.74,-0.19,36.50,-8.53,-14.41,37.23,-0.36,47.45,2.16,14.52,-5.75,62
A_MA60_PULLBACK,0,ATR_3,recent_6m,299,280,19,280,OK,46.79,5.35,-0.28,5.63,-0.28,41.79,-7.91,-14.04,41.43,0.47,51.07,2.63,34.63,5.50,205
A_MA60_PULLBACK,0,SWING_LOW,recent_2m,65,46,19,46,OK,41.30,6.43,-3.16,7.98,-1.55,30.43,-8.31,-16.31,39.13,-0.82,45.65,1.34,0.00,-10.82,14
A_MA60_PULLBACK,0,SWING_LOW,recent_4m,156,137,19,137,OK,40.88,5.05,-2.41,5.74,-0.69,41.61,-8.03,-13.92,37.23,-0.33,45.26,1.94,9.23,-6.09,65
A_MA60_PULLBACK,0,SWING_LOW,recent_6m,299,280,19,280,OK,45.71,4.99,-0.74,5.63,-0.64,46.79,-7.39,-13.60,41.43,0.46,48.93,2.43,30.77,4.18,208
A_MA60_PULLBACK,0,MA60_CONFIRM,recent_2m,65,46,19,46,OK,23.91,1.96,-3.41,7.98,-6.02,84.78,-5.59,-10.55,36.96,-0.67,28.26,0.25,10.26,-4.20,39
A_MA60_PULLBACK,0,MA60_CONFIRM,recent_4m,156,137,19,137,OK,26.28,2.02,-2.84,5.74,-3.72,83.94,-5.05,-9.58,35.04,-0.15,29.20,0.54,8.55,-3.01,117
A_MA60_PULLBACK,0,MA60_CONFIRM,recent_6m,299,280,19,280,OK,31.79,2.62,-1.89,5.63,-3.01,87.14,-4.34,-8.75,39.64,0.56,36.43,1.56,20.38,1.56,260
A_MA60_PULLBACK,0,NO_STOP,recent_2m,65,46,19,46,OK,43.48,7.98,-2.23,7.98,0.00,0.00,-9.60,-20.92,39.13,-0.77,47.83,1.86,,,0
A_MA60_PULLBACK,0,NO_STOP,recent_4m,156,137,19,137,OK,44.53,5.74,-1.54,5.74,0.00,0.00,-10.78,-20.92,37.23,-0.28,48.18,2.22,36.36,-0.79,33
A_MA60_PULLBACK,0,NO_STOP,recent_6m,299,280,19,280,OK,48.93,5.63,0.00,5.63,0.00,0.00,-10.46,-21.40,41.43,0.49,51.43,2.66,49.43,8.96,176
B_PULLBACK_5,5,BASELINE,recent_2m,1976,1180,796,1162,OK,46.39,7.88,-2.23,11.14,-3.26,58.39,-8.51,-15.05,47.80,1.97,49.75,4.24,8.27,-9.00,689
B_PULLBACK_5,5,BASELINE,recent_4m,3272,2476,796,2458,OK,42.35,7.19,-2.50,11.53,-4.35,69.26,-7.90,-14.55,44.59,1.33,44.99,3.39,19.30,-1.67,1793
B_PULLBACK_5,5,BASELINE,recent_6m,4605,3809,796,3791,OK,41.57,6.57,-2.65,10.28,-3.71,73.93,-7.82,-14.29,44.84,1.22,45.13,3.16,25.59,5.90,3126
B_PULLBACK_5,5,PCT_ONLY_10,recent_2m,1976,1180,796,1161,OK,48.66,8.42,-1.11,11.14,-2.72,44.92,-9.24,-15.35,48.64,2.03,50.85,4.32,0.00,-12.16,530
B_PULLBACK_5,5,PCT_ONLY_10,recent_4m,3272,2476,796,2457,OK,47.21,8.09,-1.60,11.53,-3.44,47.09,-9.22,-15.04,46.61,1.42,48.51,3.65,15.78,-0.15,1407
B_PULLBACK_5,5,PCT_ONLY_10,recent_6m,4605,3809,796,3790,OK,46.86,7.52,-1.61,10.28,-2.76,49.65,-9.34,-14.90,46.71,1.36,48.54,3.48,28.14,10.50,2740
B_PULLBACK_5,5,PCT_ONLY_12,recent_2m,1976,1180,796,1154,OK,51.56,8.96,1.01,11.14,-2.19,38.05,-9.88,-16.61,48.98,2.12,53.39,4.73,0.00,-13.82,449
B_PULLBACK_5,5,PCT_ONLY_12,recent_4m,3272,2476,796,2450,OK,50.61,8.91,0.40,11.53,-2.63,39.54,-9.90,-16.41,47.05,1.53,51.17,4.10,20.52,1.97,1267
B_PULLBACK_5,5,PCT_ONLY_12,recent_6m,4605,3809,796,3783,OK,49.85,8.17,0.00,10.28,-2.11,42.19,-10.10,-16.35,47.18,1.45,50.77,3.80,33.73,13.21,2600
B_PULLBACK_5,5,PCT_ONLY_15,recent_2m,1976,1180,796,1150,OK,55.48,9.84,2.70,11.14,-1.30,26.53,-10.76,-18.99,49.66,2.23,55.25,5.08,0.00,-16.93,313
B_PULLBACK_5,5,PCT_ONLY_15,recent_4m,3272,2476,796,2446,OK,54.58,9.94,2.36,11.53,-1.60,28.07,-10.75,-18.53,47.50,1.64,52.91,4.49,29.90,6.92,1057
B_PULLBACK_5,5,PCT_ONLY_15,recent_6m,4605,3809,796,3779,OK,53.32,9.04,1.56,10.28,-1.24,31.48,-11.02,-18.52,47.55,1.55,52.22,4.13,42.18,17.99,2390
B_PULLBACK_5,5,ATR_2,recent_2m,1976,1180,796,1158,OK,51.21,8.84,0.76,11.14,-2.30,39.24,-9.84,-17.29,49.24,2.11,52.80,4.65,0.00,-13.39,463
B_PULLBACK_5,5,ATR_2,recent_4m,3272,2476,796,2454,OK,49.80,8.78,0.00,11.53,-2.76,43.94,-9.68,-17.02,47.09,1.49,50.16,3.94,16.40,0.21,1311
B_PULLBACK_5,5,ATR_2,recent_6m,4605,3809,796,3787,OK,48.27,7.97,-0.92,10.28,-2.31,48.94,-9.51,-16.35,47.05,1.40,49.59,3.66,27.87,11.00,2644
B_PULLBACK_5,5,ATR_3,recent_2m,1976,1180,796,1147,OK,57.02,10.41,3.75,11.14,-0.73,20.93,-11.36,-21.60,49.66,2.27,56.19,5.40,0.00,-18.68,247
B_PULLBACK_5,5,ATR_3,recent_4m,3272,2476,796,2443,OK,56.49,10.68,3.51,11.53,-0.85,23.95,-11.19,-20.92,47.58,1.71,53.47,4.70,34.28,10.07,954
B_PULLBACK_5,5,ATR_3,recent_6m,4605,3809,796,3776,OK,54.61,9.58,1.97,10.28,-0.70,29.96,-11.20,-20.33,47.60,1.58,52.72,4.29,44.25,20.00,2287
B_PULLBACK_5,5,SWING_LOW,recent_2m,1976,1180,796,1146,OK,56.98,10.80,3.85,11.14,-0.34,12.03,-11.88,-24.18,49.58,2.31,55.68,5.68,0.00,-14.81,142
B_PULLBACK_5,5,SWING_LOW,recent_4m,3272,2476,796,2442,OK,54.59,10.70,2.43,11.53,-0.84,21.28,-11.36,-23.09,47.01,1.69,51.82,4.76,32.51,12.72,849
B_PULLBACK_5,5,SWING_LOW,recent_6m,4605,3809,796,3775,OK,52.24,9.49,1.10,10.28,-0.79,25.36,-11.53,-23.26,46.84,1.56,50.77,4.25,44.32,21.50,2182
B_PULLBACK_5,5,MA60_CONFIRM,recent_2m,1976,1180,796,1151,OK,54.91,10.00,1.96,11.14,-1.14,30.17,-10.98,-22.57,49.15,2.27,55.25,5.60,8.15,-11.71,356
B_PULLBACK_5,5,MA60_CONFIRM,recent_4m,3272,2476,796,2447,OK,51.82,9.90,0.73,11.53,-1.63,47.42,-10.04,-21.13,46.32,1.68,50.93,4.78,26.85,3.18,1337
B_PULLBACK_5,5,MA60_CONFIRM,recent_6m,4605,3809,796,3780,OK,49.81,8.79,0.00,10.28,-1.49,55.55,-10.02,-20.95,46.44,1.52,50.14,4.25,34.42,12.75,2670
B_PULLBACK_5,5,NO_STOP,recent_2m,1976,1180,796,1141,OK,58.72,11.14,4.50,11.14,0.00,0.00,-12.50,-25.52,49.75,2.31,56.78,5.72,,,0
B_PULLBACK_5,5,NO_STOP,recent_4m,3272,2476,796,2437,OK,58.39,11.53,4.33,11.53,0.00,0.00,-12.48,-24.96,47.62,1.75,54.00,5.08,74.54,39.78,546
B_PULLBACK_5,5,NO_STOP,recent_6m,4605,3809,796,3770,OK,56.18,10.28,2.83,10.28,0.00,0.00,-13.11,-26.30,47.65,1.63,53.11,4.56,66.37,34.12,1879
B_PULLBACK_8,8,BASELINE,recent_2m,1489,862,627,853,OK,45.49,7.50,-2.46,11.05,-3.56,60.44,-8.64,-15.07,46.87,2.21,48.96,4.06,9.02,-8.84,521
B_PULLBACK_8,8,BASELINE,recent_4m,2509,1882,627,1873,OK,42.12,7.35,-2.71,11.89,-4.54,70.94,-7.89,-14.50,45.22,1.75,45.70,3.76,20.53,-0.66,1398
B_PULLBACK_8,8,BASELINE,recent_6m,3449,2822,627,2813,OK,41.17,6.55,-2.85,10.66,-4.11,75.12,-7.81,-14.34,44.93,1.57,45.25,3.42,25.58,5.87,2338
B_PULLBACK_8,8,PCT_ONLY_10,recent_2m,1489,862,627,852,OK,47.77,8.01,-1.65,11.05,-3.04,46.52,-9.43,-15.30,47.91,2.24,50.81,4.20,0.00,-12.16,401
B_PULLBACK_8,8,PCT_ONLY_10,recent_4m,2509,1882,627,1872,OK,47.70,8.36,-1.78,11.89,-3.53,48.03,-9.25,-14.96,47.61,1.83,49.89,4.11,16.32,1.70,1091
B_PULLBACK_8,8,PCT_ONLY_10,recent_6m,3449,2822,627,2812,OK,47.33,7.72,-1.78,10.66,-2.95,50.32,-9.40,-14.96,47.52,1.73,49.47,3.85,27.33,11.53,2031
B_PULLBACK_8,8,PCT_ONLY_12,recent_2m,1489,862,627,847,OK,51.12,8.70,0.75,11.05,-2.35,39.33,-10.12,-16.64,48.38,2.34,53.36,4.67,0.00,-13.86,339
B_PULLBACK_8,8,PCT_ONLY_12,recent_4m,2509,1882,627,1867,OK,51.37,9.18,0.80,11.89,-2.71,40.44,-9.98,-16.36,48.19,1.97,52.66,4.62,21.52,4.08,990
B_PULLBACK_8,8,PCT_ONLY_12,recent_6m,3449,2822,627,2807,OK,50.59,8.42,0.35,10.66,-2.24,43.02,-10.17,-16.28,48.09,1.86,51.88,4.24,32.95,14.28,1930
B_PULLBACK_8,8,PCT_ONLY_15,recent_2m,1489,862,627,843,OK,55.16,9.51,2.39,11.05,-1.54,26.68,-11.05,-19.04,48.96,2.52,55.34,5.03,0.00,-17.10,230
B_PULLBACK_8,8,PCT_ONLY_15,recent_4m,2509,1882,627,1863,OK,55.07,10.01,2.64,11.89,-1.88,28.69,-10.86,-18.63,48.57,2.11,54.41,5.01,31.60,9.70,829
B_PULLBACK_8,8,PCT_ONLY_15,recent_6m,3449,2822,627,2803,OK,54.01,9.19,1.82,10.66,-1.48,31.79,-11.11,-18.59,48.41,1.96,53.33,4.54,42.11,19.46,1769
B_PULLBACK_8,8,ATR_2,recent_2m,1489,862,627,847,OK,52.42,8.93,1.25,11.05,-2.12,37.94,-10.31,-17.84,48.72,2.42,53.83,4.79,0.00,-14.10,327
B_PULLBACK_8,8,ATR_2,recent_4m,2509,1882,627,1867,OK,51.63,9.27,0.87,11.89,-2.62,41.29,-10.00,-17.49,48.25,1.99,52.55,4.62,20.22,3.99,984
B_PULLBACK_8,8,ATR_2,recent_6m,3449,2822,627,2807,OK,50.09,8.36,0.16,10.66,-2.30,46.24,-9.88,-16.76,48.09,1.86,51.59,4.22,29.89,13.23,1924
B_PULLBACK_8,8,ATR_3,recent_2m,1489,862,627,839,OK,57.21,10.35,3.47,11.05,-0.70,18.33,-11.79,-21.89,48.96,2.62,56.50,5.49,0.00,-19.43,158
B_PULLBACK_8,8,ATR_3,recent_4m,2509,1882,627,1859,OK,57.67,11.13,3.90,11.89,-0.76,20.94,-11.45,-21.45,48.67,2.24,55.42,5.40,40.06,15.66,704
B_PULLBACK_8,8,ATR_3,recent_6m,3449,2822,627,2799,OK,55.84,9.98,2.68,10.66,-0.69,26.75,-11.52,-20.83,48.51,2.06,54.15,4.86,47.02,23.24,1644
B_PULLBACK_8,8,SWING_LOW,recent_2m,1489,862,627,839,OK,56.26,10.56,3.01,11.05,-0.49,13.69,-11.95,-23.77,48.49,2.64,55.10,5.54,0.00,-14.33,118
B_PULLBACK_8,8,SWING_LOW,recent_4m,2509,1882,627,1859,OK,54.60,10.86,2.33,11.89,-1.03,22.16,-11.33,-22.70,47.87,2.19,52.87,5.18,33.73,14.44,676
B_PULLBACK_8,8,SWING_LOW,recent_6m,3449,2822,627,2799,OK,52.52,9.67,1.25,10.66,-0.99,26.54,-11.47,-22.97,47.45,1.99,51.42,4.60,43.44,22.10,1616
B_PULLBACK_8,8,MA60_CONFIRM,recent_2m,1489,862,627,845,OK,53.73,9.72,1.58,11.05,-1.33,32.37,-11.01,-22.27,47.91,2.62,54.29,5.46,6.45,-11.70,279
B_PULLBACK_8,8,MA60_CONFIRM,recent_4m,2509,1882,627,1865,OK,51.21,9.90,0.55,11.89,-1.99,49.63,-9.98,-20.83,47.18,2.19,51.97,5.19,27.21,3.84,1062
B_PULLBACK_8,8,MA60_CONFIRM,recent_6m,3449,2822,627,2805,OK,49.80,8.81,0.00,10.66,-1.85,57.19,-9.98,-20.68,47.09,1.97,50.89,4.60,33.77,12.16,2002
B_PULLBACK_8,8,NO_STOP,recent_2m,1489,862,627,834,OK,58.27,11.05,3.96,11.05,0.00,0.00,-12.69,-25.05,48.96,2.65,56.61,5.64,,,0
B_PULLBACK_8,8,NO_STOP,recent_4m,2509,1882,627,1854,OK,58.95,11.89,4.58,11.89,0.00,0.00,-12.54,-24.77,48.67,2.28,55.47,5.61,76.89,43.37,437
B_PULLBACK_8,8,NO_STOP,recent_6m,3449,2822,627,2794,OK,57.16,10.66,3.18,10.66,0.00,0.00,-13.13,-26.07,48.51,2.08,54.22,5.01,67.54,36.81,1377
B_PULLBACK_10,10,BASELINE,recent_2m,1132,655,477,648,OK,44.44,7.27,-3.08,11.19,-3.92,62.90,-8.78,-14.91,44.58,1.60,46.26,3.84,8.98,-8.73,412
B_PULLBACK_10,10,BASELINE,recent_4m,1963,1486,477,1479,OK,41.78,6.97,-3.05,11.85,-4.88,73.55,-7.92,-14.46,44.15,1.47,44.41,3.88,22.17,-0.20,1150
B_PULLBACK_10,10,BASELINE,recent_6m,2647,2170,477,2163,OK,40.59,6.30,-3.05,10.61,-4.32,76.77,-7.85,-14.29,44.19,1.26,43.73,3.43,25.90,5.89,1834
B_PULLBACK_10,10,PCT_ONLY_10,recent_2m,1132,655,477,646,OK,47.52,7.91,-1.80,11.19,-3.28,47.79,-9.62,-15.21,45.95,1.66,47.94,3.99,0.00,-12.11,313
B_PULLBACK_10,10,PCT_ONLY_10,recent_4m,1963,1486,477,1477,OK,47.26,8.27,-2.03,11.85,-3.59,49.53,-9.39,-14.91,46.50,1.58,48.32,4.33,16.72,2.28,891
B_PULLBACK_10,10,PCT_ONLY_10,recent_6m,2647,2170,477,2161,OK,46.65,7.64,-2.43,10.61,-2.98,51.66,-9.50,-14.86,46.54,1.42,47.88,3.90,26.79,11.03,1575
B_PULLBACK_10,10,PCT_ONLY_12,recent_2m,1132,655,477,643,OK,50.70,8.64,0.54,11.19,-2.55,40.61,-10.39,-16.76,46.41,1.74,50.23,4.45,0.00,-13.86,266
B_PULLBACK_10,10,PCT_ONLY_12,recent_4m,1963,1486,477,1474,OK,50.81,9.05,0.81,11.85,-2.81,41.72,-10.14,-16.45,46.90,1.68,50.81,4.77,21.31,3.94,807
B_PULLBACK_10,10,PCT_ONLY_12,recent_6m,2647,2170,477,2158,OK,50.05,8.34,0.12,10.61,-2.28,43.96,-10.31,-16.41,47.05,1.52,50.18,4.27,32.39,13.42,1491
B_PULLBACK_10,10,PCT_ONLY_15,recent_2m,1132,655,477,642,OK,56.07,9.80,3.05,11.19,-1.40,27.79,-11.42,-19.47,47.02,2.00,53.13,5.05,0.00,-17.29,182
B_PULLBACK_10,10,PCT_ONLY_15,recent_4m,1963,1486,477,1473,OK,55.40,10.09,3.35,11.85,-1.77,29.95,-11.10,-18.80,47.44,1.88,53.30,5.34,31.18,9.35,680
B_PULLBACK_10,10,PCT_ONLY_15,recent_6m,2647,2170,477,2157,OK,53.87,9.17,2.00,10.61,-1.44,32.26,-11.28,-18.70,47.47,1.66,52.17,4.70,41.86,18.39,1364
B_PULLBACK_10,10,ATR_2,recent_2m,1132,655,477,643,OK,53.03,9.12,1.86,11.19,-2.07,37.71,-10.83,-18.45,47.02,1.95,52.21,4.84,0.00,-14.73,247
B_PULLBACK_10,10,ATR_2,recent_4m,1963,1486,477,1474,OK,52.17,9.36,1.62,11.85,-2.49,40.85,-10.36,-17.82,47.17,1.75,51.68,4.95,21.46,4.32,783
B_PULLBACK_10,10,ATR_2,recent_6m,2647,2170,477,2158,OK,50.51,8.45,0.44,10.61,-2.16,45.16,-10.25,-17.26,47.24,1.58,50.65,4.37,30.81,13.09,1467
B_PULLBACK_10,10,ATR_3,recent_2m,1132,655,477,637,OK,57.93,10.47,4.12,11.19,-0.73,17.71,-12.28,-22.65,47.02,2.14,54.35,5.52,0.00,-20.51,116
B_PULLBACK_10,10,ATR_3,recent_4m,1963,1486,477,1468,OK,57.77,11.16,4.27,11.85,-0.70,20.32,-11.81,-21.83,47.58,2.03,54.37,5.78,41.79,16.17,560
B_PULLBACK_10,10,ATR_3,recent_6m,2647,2170,477,2152,OK,55.76,9.98,3.14,10.61,-0.64,25.35,-11.87,-21.51,47.60,1.78,53.00,5.02,48.23,22.97,1244
B_PULLBACK_10,10,SWING_LOW,recent_2m,1132,655,477,636,OK,56.13,10.65,3.34,11.19,-0.54,15.27,-12.29,-23.68,46.72,2.17,52.98,5.62,0.00,-14.85,100
B_PULLBACK_10,10,SWING_LOW,recent_4m,1963,1486,477,1467,OK,53.51,10.61,2.02,11.85,-1.24,23.96,-11.54,-23.02,46.57,1.93,51.41,5.45,31.91,12.44,561
B_PULLBACK_10,10,SWING_LOW,recent_6m,2647,2170,477,2151,OK,51.05,9.42,0.73,10.61,-1.20,27.79,-11.61,-23.21,46.22,1.68,49.68,4.69,41.53,19.97,1245
B_PULLBACK_10,10,MA60_CONFIRM,recent_2m,1132,655,477,639,OK,53.83,9.82,1.94,11.19,-1.38,34.35,-11.25,-22.30,45.95,2.08,52.67,5.45,6.67,-11.73,225
B_PULLBACK_10,10,MA60_CONFIRM,recent_4m,1963,1486,477,1470,OK,50.88,9.60,0.55,11.85,-2.26,52.56,-10.09,-20.81,45.76,1.90,50.61,5.38,28.56,3.98,886
B_PULLBACK_10,10,MA60_CONFIRM,recent_6m,2647,2170,477,2154,OK,48.75,8.55,-0.42,10.61,-2.06,59.03,-10.07,-20.68,45.67,1.63,49.03,4.63,33.12,11.32,1570
B_PULLBACK_10,10,NO_STOP,recent_2m,1132,655,477,632,OK,58.54,11.19,4.27,11.19,0.00,0.00,-13.13,-25.75,47.02,2.14,54.35,5.62,,,0
B_PULLBACK_10,10,NO_STOP,recent_4m,1963,1486,477,1463,OK,58.78,11.85,4.55,11.85,0.00,0.00,-12.85,-25.09,47.58,2.05,54.37,5.97,76.47,42.46,357
B_PULLBACK_10,10,NO_STOP,recent_6m,2647,2170,477,2147,OK,56.82,10.61,3.52,10.61,0.00,0.00,-13.35,-26.23,47.60,1.79,53.04,5.18,68.30,36.30,1041
B_PULLBACK_15,15,BASELINE,recent_2m,539,315,224,313,OK,45.05,8.32,-2.48,12.75,-4.43,67.94,-8.45,-14.51,50.48,2.61,48.25,4.31,11.68,-7.96,214
B_PULLBACK_15,15,BASELINE,recent_4m,980,756,224,754,OK,40.32,6.24,-3.15,11.85,-5.61,77.78,-7.97,-14.49,47.35,1.81,44.18,3.34,22.60,-0.27,615
B_PULLBACK_15,15,BASELINE,recent_6m,1258,1034,224,1032,OK,38.57,5.57,-3.15,10.73,-5.16,80.17,-7.79,-14.22,45.55,1.53,43.71,2.93,24.97,3.62,893
B_PULLBACK_15,15,PCT_ONLY_10,recent_2m,539,315,224,310,OK,48.39,9.09,-1.12,12.75,-3.66,46.67,-9.48,-14.80,51.75,2.76,50.79,4.82,0.00,-11.97,147
B_PULLBACK_15,15,PCT_ONLY_10,recent_4m,980,756,224,751,OK,45.41,7.63,-2.54,11.85,-4.22,50.93,-9.68,-15.15,48.15,1.88,48.54,3.87,19.25,4.80,478
B_PULLBACK_15,15,PCT_ONLY_10,recent_6m,1258,1034,224,1029,OK,44.80,7.12,-2.72,10.73,-3.61,52.90,-9.69,-14.83,47.20,1.70,48.65,3.55,26.06,10.70,756
B_PULLBACK_15,15,PCT_ONLY_12,recent_2m,539,315,224,309,OK,53.40,10.34,2.05,12.75,-2.41,39.05,-10.25,-16.43,51.75,2.83,53.33,5.49,0.00,-13.77,123
B_PULLBACK_15,15,PCT_ONLY_12,recent_4m,980,756,224,750,OK,49.07,8.39,-0.50,11.85,-3.45,43.12,-10.41,-16.50,48.28,1.91,50.66,4.35,23.86,6.45,440
B_PULLBACK_15,15,PCT_ONLY_12,recent_6m,1258,1034,224,1028,OK,48.35,7.80,-1.03,10.73,-2.93,44.97,-10.50,-16.48,47.39,1.73,50.39,3.88,31.62,13.01,718
B_PULLBACK_15,15,PCT_ONLY_15,recent_2m,539,315,224,306,OK,57.84,11.66,3.92,12.75,-1.09,26.98,-11.16,-18.91,53.33,3.16,56.83,6.42,0.00,-17.00,85
B_PULLBACK_15,15,PCT_ONLY_15,recent_4m,980,756,224,747,OK,53.82,9.70,2.08,11.85,-2.15,31.22,-11.33,-18.73,49.47,2.13,53.84,5.23,34.38,12.71,381
B_PULLBACK_15,15,PCT_ONLY_15,recent_6m,1258,1034,224,1025,OK,52.49,8.82,1.10,10.73,-1.91,32.88,-11.45,-18.75,48.26,1.86,53.00,4.55,41.73,18.06,659
B_PULLBACK_15,15,ATR_2,recent_2m,539,315,224,307,OK,56.03,11.25,2.89,12.75,-1.50,31.11,-10.90,-18.69,53.33,3.11,56.51,6.33,0.00,-15.66,98
B_PULLBACK_15,15,ATR_2,recent_4m,980,756,224,748,OK,52.01,9.29,1.16,11.85,-2.56,37.83,-10.84,-18.31,49.07,2.00,52.91,4.96,27.36,9.03,402
B_PULLBACK_15,15,ATR_2,recent_6m,1258,1034,224,1026,OK,50.10,8.38,0.15,10.73,-2.35,41.97,-10.79,-18.10,47.97,1.80,52.03,4.33,32.50,14.25,680
B_PULLBACK_15,15,ATR_3,recent_2m,539,315,224,303,OK,61.06,12.57,5.22,12.75,-0.18,10.48,-12.20,-23.11,53.65,3.30,56.83,6.55,0.00,-22.77,33
B_PULLBACK_15,15,ATR_3,recent_4m,980,756,224,744,OK,57.12,11.36,3.89,11.85,-0.49,15.21,-12.13,-22.00,49.74,2.34,55.16,5.88,53.29,24.94,289
B_PULLBACK_15,15,ATR_3,recent_6m,1258,1034,224,1022,OK,55.38,10.26,2.21,10.73,-0.47,19.05,-12.25,-21.89,48.55,2.05,54.06,5.09,54.85,26.62,567
B_PULLBACK_15,15,SWING_LOW,recent_2m,539,315,224,305,OK,56.39,12.11,2.89,12.75,-0.64,16.83,-11.74,-22.10,53.02,3.30,54.60,6.48,0.00,-13.50,53
B_PULLBACK_15,15,SWING_LOW,recent_4m,980,756,224,746,OK,51.88,10.58,1.09,11.85,-1.27,26.59,-11.46,-22.08,48.41,2.27,51.06,5.46,33.84,13.70,328
B_PULLBACK_15,15,SWING_LOW,recent_6m,1258,1034,224,1024,OK,48.44,9.29,-0.69,10.73,-1.44,30.56,-11.39,-22.27,46.71,1.96,49.23,4.62,38.12,17.90,606
B_PULLBACK_15,15,MA60_CONFIRM,recent_2m,539,315,224,307,OK,54.40,11.15,1.82,12.75,-1.60,37.78,-10.64,-20.79,52.38,3.23,53.65,6.23,8.40,-10.51,119
B_PULLBACK_15,15,MA60_CONFIRM,recent_4m,980,756,224,748,OK,49.60,9.62,-0.26,11.85,-2.23,55.82,-10.05,-20.38,48.54,2.27,50.00,5.32,29.02,4.49,479
B_PULLBACK_15,15,MA60_CONFIRM,recent_6m,1258,1034,224,1026,OK,47.08,8.48,-0.86,10.73,-2.26,61.90,-9.96,-20.27,47.20,1.92,48.94,4.52,31.70,8.59,757
B_PULLBACK_15,15,NO_STOP,recent_2m,539,315,224,302,OK,61.26,12.75,5.36,12.75,0.00,0.00,-12.86,-25.68,53.65,3.30,56.83,6.49,,,0
B_PULLBACK_15,15,NO_STOP,recent_4m,980,756,224,743,OK,57.87,11.85,4.31,11.85,0.00,0.00,-13.05,-24.44,49.74,2.35,55.16,5.97,77.13,43.07,223
B_PULLBACK_15,15,NO_STOP,recent_6m,1258,1034,224,1021,OK,56.12,10.73,2.34,10.73,0.00,0.00,-13.40,-25.16,48.55,2.06,54.06,5.18,70.86,37.34,501
B_PULLBACK_20,20,BASELINE,recent_2m,166,104,62,103,OK,54.37,14.98,2.20,19.04,-4.05,66.35,-7.74,-14.04,66.35,6.48,57.69,7.45,15.94,-6.64,69
B_PULLBACK_20,20,BASELINE,recent_4m,332,270,62,269,OK,43.87,7.70,-1.93,14.77,-7.07,81.11,-7.58,-14.65,51.48,2.52,45.56,3.27,25.88,0.84,228
B_PULLBACK_20,20,BASELINE,recent_6m,402,340,62,339,OK,40.41,6.58,-2.73,13.22,-6.64,83.24,-7.46,-14.12,48.53,1.74,42.94,2.60,26.17,1.52,298
B_PULLBACK_20,20,PCT_ONLY_10,recent_2m,166,104,62,102,OK,60.78,15.83,6.11,19.04,-3.21,38.46,-8.82,-14.70,68.27,6.64,62.50,7.90,0.00,-12.22,40
B_PULLBACK_20,20,PCT_ONLY_10,recent_4m,332,270,62,268,OK,51.49,10.19,0.63,14.77,-4.58,48.89,-9.49,-15.59,56.30,3.00,52.22,4.34,19.88,7.00,166
B_PULLBACK_20,20,PCT_ONLY_10,recent_6m,402,340,62,338,OK,50.30,9.35,0.14,13.22,-3.87,50.00,-9.56,-15.25,55.29,2.38,51.18,3.93,25.00,9.84,236
B_PULLBACK_20,20,PCT_ONLY_12,recent_2m,166,104,62,102,OK,66.67,17.30,8.09,19.04,-1.74,33.65,-9.35,-16.67,68.27,6.59,63.46,8.06,0.00,-14.00,35
B_PULLBACK_20,20,PCT_ONLY_12,recent_4m,332,270,62,268,OK,56.34,11.37,3.19,14.77,-3.40,40.00,-10.22,-16.71,57.78,3.23,55.19,5.05,27.39,11.38,157
B_PULLBACK_20,20,PCT_ONLY_12,recent_6m,402,340,62,338,OK,55.92,10.69,2.13,13.22,-2.52,40.29,-10.33,-16.56,56.47,2.56,53.82,4.51,33.04,13.79,227
B_PULLBACK_20,20,PCT_ONLY_15,recent_2m,166,104,62,102,OK,68.63,18.36,8.69,19.04,-0.68,25.96,-9.94,-17.64,69.23,6.68,66.35,8.75,0.00,-16.45,27
B_PULLBACK_20,20,PCT_ONLY_15,recent_4m,332,270,62,268,OK,60.45,12.63,5.71,14.77,-2.14,27.41,-10.88,-18.40,58.52,3.41,58.15,5.82,41.84,19.01,141
B_PULLBACK_20,20,PCT_ONLY_15,recent_6m,402,340,62,338,OK,59.17,11.64,4.18,13.22,-1.58,27.35,-11.05,-18.46,57.06,2.64,56.47,5.14,45.02,19.60,211
B_PULLBACK_20,20,ATR_2,recent_2m,166,104,62,102,OK,67.65,18.14,8.69,19.04,-0.90,22.12,-10.17,-19.06,69.23,6.83,66.35,8.76,0.00,-16.99,23
B_PULLBACK_20,20,ATR_2,recent_4m,332,270,62,268,OK,59.33,12.32,5.46,14.77,-2.45,30.00,-10.76,-18.78,58.52,3.37,58.15,5.62,37.41,17.10,139
B_PULLBACK_20,20,ATR_2,recent_6m,402,340,62,338,OK,57.69,11.35,3.89,13.22,-1.86,33.24,-10.75,-18.40,57.06,2.68,56.18,4.97,38.76,17.16,209
B_PULLBACK_20,20,ATR_3,recent_2m,166,104,62,102,OK,70.59,18.32,10.51,19.04,-0.72,7.69,-11.36,-23.98,69.23,6.82,66.35,8.59,0.00,-25.51,8
B_PULLBACK_20,20,ATR_3,recent_4m,332,270,62,268,OK,64.55,14.36,7.70,14.77,-0.41,9.63,-11.78,-22.27,58.52,3.65,60.37,6.58,65.42,36.31,107
B_PULLBACK_20,20,ATR_3,recent_6m,402,340,62,338,OK,62.43,12.94,5.91,13.22,-0.28,12.94,-11.91,-21.99,57.06,2.82,58.24,5.71,60.45,30.08,177
B_PULLBACK_20,20,SWING_LOW,recent_2m,166,104,62,103,OK,62.14,17.93,8.59,19.04,-1.11,22.12,-10.24,-21.77,67.31,6.74,61.54,8.39,0.00,-12.16,23
B_PULLBACK_20,20,SWING_LOW,recent_4m,332,270,62,269,OK,53.16,12.30,0.88,14.77,-2.47,31.85,-10.51,-21.52,54.07,3.20,52.22,5.29,30.37,12.72,135
B_PULLBACK_20,20,SWING_LOW,recent_6m,402,340,62,339,OK,49.26,10.72,-0.45,13.22,-2.50,35.59,-10.46,-21.61,50.29,2.25,50.00,4.52,31.22,12.48,205
B_PULLBACK_20,20,MA60_CONFIRM,recent_2m,166,104,62,103,OK,60.19,17.48,7.80,19.04,-1.56,39.42,-8.98,-16.83,68.27,6.78,62.50,8.72,9.76,-9.49,41
B_PULLBACK_20,20,MA60_CONFIRM,recent_4m,332,270,62,269,OK,55.76,12.04,1.15,14.77,-2.73,58.89,-9.31,-19.42,55.56,3.38,54.07,5.62,32.78,5.83,180
B_PULLBACK_20,20,MA60_CONFIRM,recent_6m,402,340,62,339,OK,51.62,10.41,0.29,13.22,-2.81,65.00,-9.25,-19.61,52.94,2.47,51.18,4.75,31.20,5.77,250
B_PULLBACK_20,20,NO_STOP,recent_2m,166,104,62,101,OK,71.29,19.04,10.65,19.04,0.00,0.00,-11.70,-24.83,69.23,6.82,66.35,8.51,,,0
B_PULLBACK_20,20,NO_STOP,recent_4m,332,270,62,267,OK,65.17,14.77,7.93,14.77,0.00,0.00,-12.31,-23.08,58.52,3.65,60.37,6.62,81.72,48.03,93
B_PULLBACK_20,20,NO_STOP,recent_6m,402,340,62,337,OK,62.91,13.22,6.10,13.22,0.00,0.00,-12.83,-24.83,57.06,2.85,58.24,5.80,71.17,36.90,163
C_VCP_MA20_RETEST,0,BASELINE,recent_2m,297,201,96,199,OK,44.72,5.48,-0.77,7.78,-2.30,68.16,-5.81,-13.33,45.77,1.58,45.27,2.87,15.33,-5.09,137
C_VCP_MA20_RETEST,0,BASELINE,recent_4m,690,594,96,592,OK,35.14,3.95,-2.43,7.92,-3.97,78.96,-6.04,-12.64,39.23,0.39,37.88,1.24,18.14,-1.01,485
C_VCP_MA20_RETEST,0,BASELINE,recent_6m,1215,1119,96,1117,OK,36.53,4.12,-2.01,7.28,-3.16,82.93,-5.44,-11.84,42.27,0.56,41.20,1.69,24.65,4.43,1010
C_VCP_MA20_RETEST,0,PCT_ONLY_10,recent_2m,297,201,96,199,OK,53.77,6.79,1.43,7.78,-0.99,37.31,-8.20,-14.78,50.75,1.59,48.76,2.83,0.00,-12.10,75
C_VCP_MA20_RETEST,0,PCT_ONLY_10,recent_4m,690,594,96,592,OK,46.45,5.65,-0.97,7.92,-2.27,43.77,-8.59,-14.36,44.78,0.54,45.45,1.76,17.89,-1.42,341
C_VCP_MA20_RETEST,0,PCT_ONLY_10,recent_6m,1215,1119,96,1117,OK,49.78,5.84,0.00,7.28,-1.44,42.72,-8.61,-13.92,47.36,0.84,49.06,2.41,33.03,8.90,866
C_VCP_MA20_RETEST,0,PCT_ONLY_12,recent_2m,297,201,96,196,OK,56.12,7.16,2.10,7.78,-0.62,30.85,-8.67,-15.36,50.75,1.56,49.75,2.88,0.00,-13.73,62
C_VCP_MA20_RETEST,0,PCT_ONLY_12,recent_4m,690,594,96,589,OK,50.08,6.32,0.22,7.92,-1.61,34.51,-9.16,-15.47,44.78,0.55,46.80,1.95,22.37,0.14,304
C_VCP_MA20_RETEST,0,PCT_ONLY_12,recent_6m,1215,1119,96,1114,OK,52.15,6.22,0.58,7.28,-1.06,34.05,-9.21,-15.28,47.36,0.86,49.96,2.57,36.91,10.17,829
C_VCP_MA20_RETEST,0,PCT_ONLY_15,recent_2m,297,201,96,195,OK,58.46,7.41,3.10,7.78,-0.37,22.89,-9.51,-18.60,50.75,1.50,50.25,2.88,0.00,-17.02,46
C_VCP_MA20_RETEST,0,PCT_ONLY_15,recent_4m,690,594,96,588,OK,53.57,7.19,1.16,7.92,-0.73,23.57,-9.89,-17.96,45.12,0.59,48.32,2.27,30.50,4.78,259
C_VCP_MA20_RETEST,0,PCT_ONLY_15,recent_6m,1215,1119,96,1113,OK,54.45,6.80,1.08,7.28,-0.48,24.04,-9.96,-17.72,47.54,0.89,50.85,2.77,42.73,13.00,784
C_VCP_MA20_RETEST,0,ATR_2,recent_2m,297,201,96,198,OK,53.03,6.75,1.28,7.78,-1.03,39.80,-8.20,-15.84,50.75,1.59,48.76,2.76,0.00,-11.18,80
C_VCP_MA20_RETEST,0,ATR_2,recent_4m,690,594,96,591,OK,45.85,5.87,-1.53,7.92,-2.05,50.17,-8.23,-15.36,45.12,0.59,44.95,1.87,14.20,-1.31,352
C_VCP_MA20_RETEST,0,ATR_2,recent_6m,1215,1119,96,1116,OK,47.40,5.84,-0.82,7.28,-1.45,56.48,-7.62,-14.15,47.36,0.84,47.90,2.33,25.09,7.29,877
C_VCP_MA20_RETEST,0,ATR_3,recent_2m,297,201,96,195,OK,57.95,7.35,3.02,7.78,-0.43,20.90,-9.69,-20.35,50.75,1.52,50.25,2.77,0.00,-15.98,42
C_VCP_MA20_RETEST,0,ATR_3,recent_4m,690,594,96,588,OK,54.08,7.50,1.28,7.92,-0.42,30.13,-9.61,-18.96,45.12,0.65,48.32,2.29,28.31,5.73,272
C_VCP_MA20_RETEST,0,ATR_3,recent_6m,1215,1119,96,1113,OK,54.54,6.98,1.11,7.28,-0.30,38.52,-9.09,-17.47,47.54,0.91,50.85,2.77,37.39,13.01,797
C_VCP_MA20_RETEST,0,SWING_LOW,recent_2m,297,201,96,197,OK,56.35,7.25,2.71,7.78,-0.53,27.86,-9.25,-20.17,50.75,1.54,48.76,2.87,0.00,-12.76,56
C_VCP_MA20_RETEST,0,SWING_LOW,recent_4m,690,594,96,590,OK,50.68,6.56,0.40,7.92,-1.36,38.55,-9.21,-18.39,44.44,0.56,45.79,1.99,19.06,-0.13,299
C_VCP_MA20_RETEST,0,SWING_LOW,recent_6m,1215,1119,96,1115,OK,51.03,6.30,0.34,7.28,-0.98,44.33,-8.65,-16.60,46.92,0.84,48.79,2.51,31.55,9.71,824
C_VCP_MA20_RETEST,0,MA60_CONFIRM,recent_2m,297,201,96,197,OK,48.22,5.45,-0.55,7.78,-2.33,57.71,-7.49,-17.95,48.76,1.54,49.25,2.87,15.52,-6.74,116
C_VCP_MA20_RETEST,0,MA60_CONFIRM,recent_4m,690,594,96,590,OK,41.36,5.12,-1.46,7.92,-2.80,68.52,-7.40,-15.43,42.26,0.66,43.60,2.07,20.55,0.28,438
C_VCP_MA20_RETEST,0,MA60_CONFIRM,recent_6m,1215,1119,96,1115,OK,42.60,5.12,-1.15,7.28,-2.16,75.34,-6.59,-14.03,44.95,0.85,45.67,2.42,27.52,6.87,963
C_VCP_MA20_RETEST,0,NO_STOP,recent_2m,297,201,96,194,OK,59.79,7.78,3.22,7.78,0.00,0.00,-10.91,-24.89,50.75,1.54,50.75,3.04,,,0
C_VCP_MA20_RETEST,0,NO_STOP,recent_4m,690,594,96,587,OK,55.71,7.92,1.84,7.92,0.00,0.00,-11.30,-22.93,45.12,0.70,48.82,2.53,59.76,27.62,169
C_VCP_MA20_RETEST,0,NO_STOP,recent_6m,1215,1119,96,1112,OK,55.85,7.28,1.45,7.28,0.00,0.00,-11.31,-23.04,47.54,0.93,51.21,2.92,55.04,21.68,694
C_VCP_MA60_RETEST,0,BASELINE,recent_2m,127,103,24,103,OK,37.86,6.42,-1.75,10.94,-4.52,76.70,-4.28,-9.23,43.69,2.45,40.78,2.80,15.19,-3.16,79
C_VCP_MA60_RETEST,0,BASELINE,recent_4m,313,289,24,289,OK,31.49,2.94,-2.13,8.33,-5.39,82.70,-4.45,-10.03,38.41,0.96,34.26,0.94,16.05,-1.90,243
C_VCP_MA60_RETEST,0,BASELINE,recent_6m,622,598,24,598,OK,29.26,2.11,-2.01,6.16,-4.05,87.96,-4.20,-9.35,38.29,0.54,34.11,0.70,19.75,0.95,552
C_VCP_MA60_RETEST,0,PCT_ONLY_10,recent_2m,127,103,24,102,OK,55.88,9.64,1.61,10.94,-1.31,29.13,-7.50,-13.33,51.46,2.59,50.49,2.74,0.00,-11.31,30
C_VCP_MA60_RETEST,0,PCT_ONLY_10,recent_4m,313,289,24,288,OK,50.35,6.24,0.27,8.33,-2.09,38.41,-7.93,-13.33,46.37,1.05,48.10,1.51,19.59,-0.53,148
C_VCP_MA60_RETEST,0,PCT_ONLY_10,recent_6m,622,598,24,597,OK,49.58,4.93,0.00,6.16,-1.23,42.31,-8.40,-13.39,47.32,0.90,48.49,1.62,32.82,5.77,457
C_VCP_MA60_RETEST,0,PCT_ONLY_12,recent_2m,127,103,24,101,OK,59.41,10.34,2.16,10.94,-0.60,22.33,-7.99,-14.64,51.46,2.65,51.46,2.93,0.00,-13.67,23
C_VCP_MA60_RETEST,0,PCT_ONLY_12,recent_4m,313,289,24,287,OK,56.10,7.47,1.51,8.33,-0.86,28.37,-8.48,-14.44,46.71,1.16,49.83,1.87,26.19,2.42,126
C_VCP_MA60_RETEST,0,PCT_ONLY_12,recent_6m,622,598,24,596,OK,53.02,5.58,0.93,6.16,-0.58,33.61,-9.02,-15.02,47.49,0.98,49.50,1.84,37.70,7.52,435
C_VCP_MA60_RETEST,0,PCT_ONLY_15,recent_2m,127,103,24,101,OK,61.39,10.44,2.73,10.94,-0.50,17.48,-8.51,-16.70,51.46,2.54,51.46,2.81,0.00,-16.27,18
C_VCP_MA60_RETEST,0,PCT_ONLY_15,recent_4m,313,289,24,287,OK,58.54,8.06,1.80,8.33,-0.27,18.34,-9.10,-16.95,46.71,1.12,49.83,1.87,35.51,7.28,107
C_VCP_MA60_RETEST,0,PCT_ONLY_15,recent_6m,622,598,24,596,OK,54.70,5.99,1.10,6.16,-0.16,23.75,-9.82,-17.35,47.49,0.95,49.50,1.87,43.51,9.58,416
C_VCP_MA60_RETEST,0,ATR_2,recent_2m,127,103,24,102,OK,53.92,9.44,1.41,10.94,-1.50,36.89,-7.31,-13.76,51.46,2.66,50.49,2.64,0.00,-9.99,38
C_VCP_MA60_RETEST,0,ATR_2,recent_4m,313,289,24,288,OK,46.88,5.92,-1.42,8.33,-2.41,48.10,-7.32,-13.28,46.02,1.09,46.02,1.32,15.66,-1.19,166
C_VCP_MA60_RETEST,0,ATR_2,recent_6m,622,598,24,597,OK,44.89,4.55,-1.78,6.16,-1.60,58.19,-7.02,-12.43,47.16,0.95,46.82,1.43,23.79,4.21,475
C_VCP_MA60_RETEST,0,ATR_3,recent_2m,127,103,24,100,OK,61.00,10.76,2.45,10.94,-0.18,16.50,-8.43,-17.11,51.46,2.50,50.49,2.65,0.00,-13.75,17
C_VCP_MA60_RETEST,0,ATR_3,recent_4m,313,289,24,286,OK,58.04,8.32,1.70,8.33,-0.00,26.99,-8.50,-16.88,46.71,1.16,49.48,1.97,29.75,6.17,121
C_VCP_MA60_RETEST,0,ATR_3,recent_6m,622,598,24,595,OK,53.45,5.99,1.00,6.16,-0.17,41.30,-8.40,-15.26,47.49,0.98,49.33,1.88,35.12,8.33,430
C_VCP_MA60_RETEST,0,SWING_LOW,recent_2m,127,103,24,102,OK,56.86,10.18,1.99,10.94,-0.76,26.21,-8.11,-16.39,51.46,2.64,49.51,2.85,0.00,-11.81,27
C_VCP_MA60_RETEST,0,SWING_LOW,recent_4m,313,289,24,288,OK,52.78,7.05,0.97,8.33,-1.28,37.37,-8.03,-15.55,45.33,1.05,46.71,1.58,17.78,-1.39,135
C_VCP_MA60_RETEST,0,SWING_LOW,recent_6m,622,598,24,597,OK,48.07,5.24,-0.44,6.16,-0.92,47.49,-7.86,-14.86,45.48,0.85,45.82,1.50,28.38,5.51,444
C_VCP_MA60_RETEST,0,MA60_CONFIRM,recent_2m,127,103,24,103,OK,39.81,6.31,-1.67,10.94,-4.63,70.87,-5.45,-11.62,46.60,2.49,42.72,2.27,13.70,-4.75,73
C_VCP_MA60_RETEST,0,MA60_CONFIRM,recent_4m,313,289,24,289,OK,35.64,3.52,-2.02,8.33,-4.81,75.43,-5.69,-11.96,41.18,1.05,38.75,0.90,15.56,-2.33,225
C_VCP_MA60_RETEST,0,MA60_CONFIRM,recent_6m,622,598,24,598,OK,33.78,2.60,-2.04,6.16,-3.55,82.94,-5.29,-11.24,42.14,0.77,38.63,0.97,19.85,2.26,534
C_VCP_MA60_RETEST,0,NO_STOP,recent_2m,127,103,24,100,OK,62.00,10.94,2.77,10.94,0.00,0.00,-9.44,-18.93,51.46,2.59,51.46,2.88,,,0
C_VCP_MA60_RETEST,0,NO_STOP,recent_4m,313,289,24,286,OK,58.74,8.33,1.80,8.33,0.00,0.00,-10.28,-20.98,46.71,1.13,49.83,1.95,60.56,26.31,71
C_VCP_MA60_RETEST,0,NO_STOP,recent_6m,622,598,24,595,OK,54.79,6.16,1.10,6.16,0.00,0.00,-11.12,-22.64,47.49,0.96,49.50,1.91,51.84,14.46,380
C_VCP_BASE_LOW_RETEST,0,BASELINE,recent_2m,8,8,0,8,INSUFFICIENT,50.00,0.59,0.09,2.30,-1.71,87.50,-1.64,-5.94,50.00,0.85,62.50,1.51,42.86,-0.16,7
C_VCP_BASE_LOW_RETEST,0,BASELINE,recent_4m,34,34,0,34,OK,41.18,1.01,-0.52,4.16,-3.15,94.12,-1.98,-5.13,50.00,2.07,50.00,1.72,39.39,2.15,33
C_VCP_BASE_LOW_RETEST,0,BASELINE,recent_6m,84,84,0,84,OK,32.14,0.63,-0.93,2.96,-2.33,92.86,-2.40,-5.13,38.10,0.23,38.10,0.50,30.12,1.62,83
C_VCP_BASE_LOW_RETEST,0,PCT_ONLY_10,recent_2m,8,8,0,8,INSUFFICIENT,62.50,2.30,3.02,2.30,0.00,0.00,-4.49,-8.39,62.50,1.22,75.00,2.04,,,0
C_VCP_BASE_LOW_RETEST,0,PCT_ONLY_10,recent_4m,34,34,0,34,OK,47.06,4.22,-0.82,4.16,0.06,29.41,-6.65,-13.10,58.82,2.11,61.76,2.96,31.58,7.89,19
C_VCP_BASE_LOW_RETEST,0,PCT_ONLY_10,recent_6m,84,84,0,84,OK,47.62,3.11,-0.65,2.96,0.16,39.29,-7.83,-13.28,46.43,0.14,48.81,1.30,36.23,4.99,69
C_VCP_BASE_LOW_RETEST,0,PCT_ONLY_12,recent_2m,8,8,0,8,INSUFFICIENT,62.50,2.30,3.02,2.30,0.00,0.00,-4.49,-8.39,62.50,1.22,75.00,2.04,,,0
C_VCP_BASE_LOW_RETEST,0,PCT_ONLY_12,recent_4m,34,34,0,34,OK,50.00,4.91,0.41,4.16,0.75,20.59,-6.84,-13.10,58.82,2.11,61.76,2.96,37.50,11.12,16
C_VCP_BASE_LOW_RETEST,0,PCT_ONLY_12,recent_6m,84,84,0,84,OK,48.81,3.35,-0.21,2.96,0.39,29.76,-8.37,-14.18,46.43,0.14,48.81,1.26,37.88,5.28,66
C_VCP_BASE_LOW_RETEST,0,PCT_ONLY_15,recent_2m,8,8,0,8,INSUFFICIENT,62.50,2.30,3.02,2.30,0.00,0.00,-4.49,-8.39,62.50,1.22,75.00,2.04,,,0
C_VCP_BASE_LOW_RETEST,0,PCT_ONLY_15,recent_4m,34,34,0,34,OK,50.00,4.61,0.41,4.16,0.45,8.82,-7.51,-14.69,58.82,2.06,61.76,2.69,46.67,13.67,15
C_VCP_BASE_LOW_RETEST,0,PCT_ONLY_15,recent_6m,84,84,0,84,OK,48.81,3.24,-0.21,2.96,0.28,20.24,-9.26,-18.04,46.43,0.08,48.81,1.14,41.54,5.65,65
C_VCP_BASE_LOW_RETEST,0,ATR_2,recent_2m,8,8,0,8,INSUFFICIENT,62.50,2.41,3.02,2.30,0.12,12.50,-4.34,-8.39,62.50,1.22,75.00,2.04,0.00,-6.25,1
C_VCP_BASE_LOW_RETEST,0,ATR_2,recent_4m,34,34,0,34,OK,44.12,4.24,-1.23,4.16,0.09,44.12,-5.41,-11.67,58.82,2.14,61.76,2.72,25.00,6.36,20
C_VCP_BASE_LOW_RETEST,0,ATR_2,recent_6m,84,84,0,84,OK,40.48,2.76,-2.05,2.96,-0.20,60.71,-5.41,-10.17,45.24,-0.12,46.43,0.54,25.71,3.56,70
C_VCP_BASE_LOW_RETEST,0,ATR_3,recent_2m,8,8,0,8,INSUFFICIENT,62.50,2.30,3.02,2.30,0.00,0.00,-4.49,-8.39,62.50,1.22,75.00,2.04,,,0
C_VCP_BASE_LOW_RETEST,0,ATR_3,recent_4m,34,34,0,34,OK,50.00,5.18,0.41,4.16,1.02,35.29,-6.21,-12.78,58.82,2.11,61.76,3.21,33.33,9.33,18
C_VCP_BASE_LOW_RETEST,0,ATR_3,recent_6m,84,84,0,84,OK,47.62,3.65,-0.65,2.96,0.70,50.00,-6.73,-12.74,46.43,0.14,48.81,1.25,33.82,5.89,68
C_VCP_BASE_LOW_RETEST,0,SWING_LOW,recent_2m,8,8,0,8,INSUFFICIENT,50.00,0.83,0.25,2.30,-1.47,25.00,-3.91,-7.67,62.50,1.22,75.00,2.26,0.00,-4.40,2
C_VCP_BASE_LOW_RETEST,0,SWING_LOW,recent_4m,34,34,0,34,OK,38.24,1.57,-2.45,4.16,-2.59,58.82,-4.65,-9.73,55.88,2.06,55.88,2.59,17.39,3.26,23
C_VCP_BASE_LOW_RETEST,0,SWING_LOW,recent_6m,84,84,0,84,OK,35.71,1.62,-2.64,2.96,-1.34,65.48,-4.85,-8.55,44.05,0.01,42.86,0.63,23.29,2.95,73
C_VCP_BASE_LOW_RETEST,0,MA60_CONFIRM,recent_2m,8,8,0,8,INSUFFICIENT,50.00,1.84,-0.06,2.30,-0.45,75.00,-1.94,-5.94,62.50,1.19,75.00,2.31,33.33,-0.47,6
C_VCP_BASE_LOW_RETEST,0,MA60_CONFIRM,recent_4m,34,34,0,34,OK,44.12,1.77,-0.74,4.16,-2.39,88.24,-2.99,-6.17,61.76,2.04,58.82,1.90,38.71,1.61,31
C_VCP_BASE_LOW_RETEST,0,MA60_CONFIRM,recent_6m,84,84,0,84,OK,33.33,0.98,-1.10,2.96,-1.97,89.29,-3.08,-6.55,42.86,0.16,40.48,0.52,29.63,1.51,81
C_VCP_BASE_LOW_RETEST,0,NO_STOP,recent_2m,8,8,0,8,INSUFFICIENT,62.50,2.30,3.02,2.30,0.00,0.00,-4.49,-8.39,62.50,1.22,75.00,2.04,,,0
C_VCP_BASE_LOW_RETEST,0,NO_STOP,recent_4m,34,34,0,34,OK,50.00,4.16,0.41,4.16,0.00,0.00,-8.59,-14.69,58.82,1.81,61.76,2.36,53.33,15.74,15
C_VCP_BASE_LOW_RETEST,0,NO_STOP,recent_6m,84,84,0,84,OK,48.81,2.96,-0.21,2.96,0.00,0.00,-10.40,-22.35,46.43,-0.04,48.81,0.97,46.15,7.05,65
